likes,hour,hex
36,15,#65f84e
65,14,#32fc27
89,13,#997e13
140,12,#ccbf09
303,11,#665f84
75,10,#b32fc2
253,9,#d997e1
214,8,#6ccbf0
151,7,#3665f8
154,6,#1b32fc
214,5,#0d997e
387,4,#86ccbf
431,3,#43665f
96,2,#21b32f
135,1,#10d997
184,0,#086ccb
296,23,#043665
234,22,#021b32
160,21,#010d99
261,20,#0086cc
304,19,#804366
117,18,#4021b3
89,17,#a010d9
216,16,#d0086c
200,15,#e80436
226,14,#f4021b
303,13,#7a010d
139,12,#3d0086
86,11,#9e8043
48,10,#4f4021
72,9,#27a010
81,8,#13d008
72,7,#09e804
130,6,#84f402
123,5,#427a01
179,4,#213d00
467,3,#909e80
160,2,#484f40
177,1,#2427a0
108,0,#9213d0
87,23,#c909e8
175,22,#e484f4
275,21,#f2427a
264,20,#79213d
683,19,#bc909e
173,18,#5e484f
84,17,#2f2427
108,16,#979213
68,15,#4bc909
89,14,#25e484
60,13,#92f242
149,12,#c97921
175,11,#64bc90
220,10,#325e48
172,9,#192f24
192,8,#8c9792
113,7,#464bc9
123,6,#2325e4
164,5,#1192f2
185,4,#88c979
179,3,#c464bc
200,2,#e2325e
341,1,#71192f
623,0,#b88c97
223,23,#dc464b
141,22,#6e2325
154,21,#371192
197,20,#1b88c9
155,19,#8dc464
76,18,#46e232
130,17,#a37119
156,16,#51b88c
58,15,#28dc46
75,14,#946e23
156,13,#ca3711
143,12,#e51b88
460,11,#f28dc4
132,10,#7946e2
132,9,#3ca371
100,8,#1e51b8
114,7,#0f28dc
184,6,#07946e
79,5,#03ca37
99,4,#81e51b
189,3,#c0f28d
251,2,#607946
159,1,#303ca3
191,0,#181e51
260,23,#0c0f28
103,22,#860794
112,21,#c303ca
242,20,#6181e5
792,19,#b0c0f2
324,18,#586079
248,17,#ac303c
125,16,#56181e
237,15,#ab0c0f
81,14,#558607
118,13,#aac303
252,12,#556181
293,11,#aab0c0
183,10,#d55860
379,9,#eaac30
63,8,#755618
52,7,#3aab0c
200,6,#1d5586
634,5,#8eaac3
260,4,#475561
325,3,#23aab0
73,2,#11d558
180,1,#88eaac
271,0,#447556
146,23,#223aab
233,22,#911d55
618,21,#c88eaa
226,20,#e44755
136,19,#7223aa
99,18,#b911d5
190,17,#dc88ea
223,16,#ee4475
148,15,#f7223a
146,14,#7b911d
78,13,#3dc88e
99,12,#9ee447
98,11,#4f7223
55,10,#27b911
136,9,#93dc88
107,8,#c9ee44
157,7,#e4f722
458,6,#f27b91
162,5,#f93dc8
369,4,#fc9ee4
348,3,#fe4f72
180,2,#7f27b9
178,1,#3f93dc
193,0,#1fc9ee
206,23,#0fe4f7
88,22,#87f27b
80,21,#43f93d
119,20,#21fc9e
97,19,#90fe4f
210,18,#c87f27
149,17,#643f93
67,16,#b21fc9
132,15,#590fe4
145,14,#2c87f2
143,13,#9643f9
105,12,#4b21fc
282,11,#a590fe
80,10,#52c87f
120,9,#29643f
69,8,#14b21f
94,7,#0a590f
117,6,#852c87
186,5,#c29643
237,4,#e14b21
448,3,#70a590
190,2,#3852c8
221,1,#9c2964
157,0,#4e14b2
183,23,#a70a59
242,21,#53852c
382,20,#a9c296
87,19,#54e14b
251,18,#aa70a5
281,17,#553852
76,16,#2a9c29
119,15,#954e14
57,14,#4aa70a
208,13,#a55385
692,12,#d2a9c2
100,11,#6954e1
64,10,#b4aa70
61,9,#5a5538
85,8,#ad2a9c
101,7,#56954e
94,6,#ab4aa7
103,5,#55a553
382,4,#aad2a9
350,3,#556954
211,2,#2ab4aa
329,1,#155a55
72,0,#0aad2a
189,23,#055695
77,22,#02ab4a
150,21,#0155a5
198,20,#00aad2
358,19,#805569
97,18,#c02ab4
180,17,#e0155a
165,16,#f00aad
180,15,#780556
108,14,#3c02ab
137,13,#1e0155
85,12,#8f00aa
121,11,#c78055
280,10,#e3c02a
59,9,#71e015
89,8,#b8f00a
105,7,#5c7805
140,6,#ae3c02
191,5,#d71e01
253,4,#eb8f00
132,3,#75c780
155,2,#3ae3c0
161,1,#1d71e0
575,0,#8eb8f0
375,23,#c75c78
84,22,#63ae3c
123,21,#b1d71e
101,20,#58eb8f
238,19,#ac75c7
82,18,#d63ae3
177,17,#eb1d71
487,16,#f58eb8
345,15,#fac75c
209,14,#7d63ae
178,13,#3eb1d7
128,12,#9f58eb
122,11,#4fac75
33,10,#27d63a
54,9,#13eb1d
88,8,#89f58e
122,7,#44fac7
99,6,#a27d63
164,5,#513eb1
80,4,#a89f58
218,3,#544fac
195,2,#2a27d6
209,1,#1513eb
164,0,#0a89f5
150,23,#8544fa
162,22,#42a27d
252,21,#21513e
516,20,#90a89f
206,19,#c8544f
78,18,#642a27
236,17,#b21513
172,16,#590a89
101,15,#ac8544
171,14,#5642a2
173,13,#ab2151
334,12,#5590a8
53,11,#2ac854
103,10,#15642a
94,9,#8ab215
81,8,#45590a
152,7,#22ac85
86,6,#915642
88,5,#48ab21
280,4,#a45590
201,3,#522ac8
220,2,#a91564
302,1,#548ab2
346,0,#2a4559
142,23,#9522ac
129,22,#4a9156
126,21,#a548ab
169,20,#d2a455
192,19,#e9522a
497,18,#f4a915
221,17,#7a548a
186,16,#bd2a45
253,15,#de9522
198,14,#6f4a91
84,13,#37a548
140,12,#1bd2a4
55,11,#0de952
104,10,#86f4a9
138,9,#437a54
112,8,#a1bd2a
88,7,#50de95
89,6,#a86f4a
187,5,#5437a5
91,4,#aa1bd2
106,3,#d50de9
382,2,#6a86f4
246,1,#b5437a
316,0,#5aa1bd
154,23,#2d50de
384,22,#96a86f
155,21,#4b5437
87,20,#25aa1b
92,19,#12d50d
417,18,#896a86
67,17,#44b543
139,16,#a25aa1
265,15,#512d50
248,14,#2896a8
277,13,#944b54
96,12,#4a25aa
98,11,#a512d5
232,10,#d2896a
158,9,#6944b5
86,8,#b4a25a
66,7,#5a512d
136,6,#2d2896
94,5,#96944b
116,4,#4b4a25
66,3,#25a512
177,2,#92d289
205,1,#496944
269,0,#24b4a2
135,23,#925a51
78,22,#492d28
192,21,#249694
235,20,#924b4a
107,19,#c925a5
312,18,#6492d2
242,17,#324969
141,16,#9924b4
138,15,#4c925a
106,14,#26492d
106,13,#932496
120,12,#c9924b
47,11,#64c925
199,10,#b26492
135,9,#d93249
65,8,#6c9924
133,7,#364c92
246,6,#1b2649
107,5,#8d9324
144,4,#46c992
209,3,#a364c9
114,2,#51b264
70,1,#28d932
371,0,#946c99
195,23,#ca364c
189,22,#651b26
227,21,#328d93
126,20,#9946c9
125,19,#cca364
135,18,#e651b2
139,17,#7328d9
182,16,#39946c
95,15,#9cca36
88,14,#4e651b
135,13,#27328d
74,12,#939946
130,11,#c9cca3
49,10,#64e651
75,9,#b27328
115,8,#d93994
454,7,#ec9cca
230,6,#f64e65
165,5,#fb2732
317,4,#7d9399
315,3,#bec9cc
112,2,#df64e6
131,1,#6fb273
67,0,#37d939
136,23,#9bec9c
96,22,#cdf64e
168,20,#e6fb27
354,19,#f37d93
645,18,#f9bec9
69,17,#7cdf64
143,16,#3e6fb2
130,15,#1f37d9
367,14,#8f9bec
579,13,#c7cdf6
112,12,#63e6fb
55,11,#31f37d
113,10,#18f9be
198,9,#8c7cdf
163,8,#c63e6f
160,7,#e31f37
469,6,#f18f9b
321,5,#78c7cd
108,4,#bc63e6
163,3,#5e31f3
154,2,#2f18f9
138,1,#978c7c
136,0,#cbc63e
56,23,#65e31f
147,22,#b2f18f
303,21,#5978c7
129,20,#acbc63
183,19,#d65e31
124,18,#eb2f18
404,17,#75978c
190,16,#3acbc6
121,15,#1d65e3
222,14,#0eb2f1
360,13,#875978
589,12,#c3acbc
58,11,#61d65e
59,10,#30eb2f
213,9,#187597
103,8,#0c3acb
154,7,#061d65
84,6,#830eb2
135,5,#c18759
286,4,#60c3ac
189,3,#3061d6
173,2,#9830eb
158,1,#cc1875
366,0,#660c3a
299,23,#b3061d
96,22,#59830e
158,21,#2cc187
131,20,#1660c3
220,19,#8b3061
89,18,#459830
89,17,#22cc18
89,16,#11660c
93,15,#88b306
355,14,#445983
89,13,#a22cc1
182,12,#511660
69,11,#288b30
118,10,#944598
110,9,#4a22cc
175,8,#a51166
319,7,#5288b3
276,6,#294459
85,5,#14a22c
90,4,#8a5116
200,3,#c5288b
156,2,#629445
158,1,#314a22
143,0,#98a511
290,23,#cc5288
240,22,#e62944
162,21,#7314a2
115,20,#b98a51
233,19,#dcc528
336,18,#ee6294
235,17,#77314a
657,16,#bb98a5
77,15,#5dcc52
68,14,#2ee629
73,13,#977314
111,12,#cbb98a
205,11,#65dcc5
109,10,#b2ee62
202,9,#d97731
207,8,#6cbb98
176,7,#365dcc
162,6,#1b2ee6
206,5,#0d9773
215,4,#06cbb9
296,3,#8365dc
823,2,#c1b2ee
219,1,#e0d977
381,0,#706cbb
214,23,#b8365d
172,22,#dc1b2e
199,21,#ee0d97
152,20,#f706cb
321,19,#fb8365
423,18,#fdc1b2
576,17,#fee0d9
253,16,#ff706c
89,15,#7fb836
143,14,#bfdc1b
77,13,#5fee0d
65,12,#2ff706
86,11,#17fb83
122,10,#8bfdc1
155,9,#45fee0
83,8,#22ff70
192,7,#117fb8
534,6,#88bfdc
181,5,#445fee
167,4,#222ff7
139,3,#9117fb
275,2,#c88bfd
129,1,#6445fe
145,0,#3222ff
152,23,#99117f
347,22,#cc88bf
259,21,#66445f
202,20,#33222f
102,19,#999117
111,18,#ccc88b
92,17,#666445
105,16,#333222
54,15,#199911
106,14,#0ccc88
50,13,#866644
121,12,#c33322
273,11,#619991
445,10,#b0ccc8
179,9,#586664
159,8,#2c3332
97,7,#961999
122,6,#4b0ccc
66,5,#a58666
80,4,#52c333
210,3,#296199
189,2,#14b0cc
380,1,#8a5866
150,0,#c52c33
79,23,#629619
92,22,#314b0c
290,21,#98a586
152,20,#4c52c3
153,19,#a62961
135,18,#5314b0
73,17,#a98a58
64,16,#54c52c
176,15,#2a6296
198,14,#15314b
216,13,#0a98a5
170,12,#854c52
54,11,#42a629
87,10,#215314
264,9,#90a98a
102,8,#4854c5
160,7,#a42a62
263,6,#521531
166,5,#290a98
72,4,#94854c
182,3,#4a42a6
196,2,#a52153
601,1,#d290a9
169,0,#e94854
287,23,#f4a42a
192,22,#fa5215
109,21,#fd290a
363,20,#fe9485
192,19,#ff4a42
90,18,#7fa521
138,17,#3fd290
68,16,#1fe948
110,15,#0ff4a4
64,14,#07fa52
72,13,#03fd29
83,12,#81fe94
59,11,#40ff4a
220,10,#207fa5
123,9,#103fd2
120,8,#881fe9
74,7,#c40ff4
91,6,#e207fa
180,5,#7103fd
327,4,#b881fe
144,3,#5c40ff
101,2,#ae207f
186,1,#57103f
66,0,#2b881f
96,23,#95c40f
90,22,#cae207
247,21,#e57103
185,20,#72b881
188,19,#395c40
129,18,#9cae20
101,17,#4e5710
82,16,#a72b88
366,15,#d395c4
204,14,#69cae2
68,13,#34e571
110,12,#1a72b8
199,11,#0d395c
320,10,#869cae
199,9,#c34e57
305,8,#e1a72b
109,7,#70d395
106,6,#b869ca
147,5,#5c34e5
137,4,#ae1a72
212,3,#d70d39
615,2,#eb869c
68,1,#75c34e
117,0,#3ae1a7
254,23,#9d70d3
119,22,#ceb869
259,21,#e75c34
89,20,#73ae1a
146,19,#b9d70d
152,18,#dceb86
241,17,#ee75c3
125,16,#f73ae1
329,15,#fb9d70
273,14,#7dceb8
56,13,#3ee75c
145,12,#1f73ae
217,11,#0fb9d7
226,10,#87dceb
53,9,#43ee75
52,8,#21f73a
103,7,#90fb9d
231,6,#c87dce
82,5,#e43ee7
144,4,#721f73
158,3,#390fb9
141,2,#1c87dc
176,1,#8e43ee
104,0,#c721f7
254,23,#e390fb
269,22,#f1c87d
82,21,#78e43e
88,20,#3c721f
182,19,#1e390f
111,18,#8f1c87
91,17,#478e43
55,16,#23c721
169,15,#91e390
142,14,#48f1c8
171,13,#2478e4
143,12,#923c72
156,11,#c91e39
77,10,#648f1c
136,9,#32478e
102,8,#1923c7
203,7,#0c91e3
152,6,#0648f1
139,5,#832478
189,4,#c1923c
224,3,#e0c91e
417,2,#f0648f
270,1,#783247
182,0,#bc1923
138,23,#de0c91
241,22,#ef0648
122,21,#778324
200,20,#bbc192
251,19,#dde0c9
77,18,#6ef064
80,17,#b77832
219,16,#dbbc19
181,15,#edde0c
219,14,#f6ef06
242,13,#7b7783
144,12,#3dbbc1
134,11,#1edde0
134,10,#0f6ef0
80,9,#07b778
129,8,#03dbbc
108,7,#01edde
195,6,#80f6ef
381,5,#c07b77
185,4,#603dbb
102,3,#b01edd
193,2,#d80f6e
146,1,#ec07b7
148,0,#7603db
136,23,#3b01ed
307,22,#9d80f6
98,21,#4ec07b
138,20,#27603d
113,19,#93b01e
113,18,#c9d80f
71,17,#64ec07
116,16,#b27603
40,15,#593b01
138,14,#ac9d80
117,13,#564ec0
136,12,#ab2760
414,11,#d593b0
703,10,#eac9d8
130,9,#7564ec
77,8,#3ab276
123,7,#1d593b
157,6,#0eac9d
112,5,#87564e
155,4,#c3ab27
241,3,#e1d593
182,2,#70eac9
236,1,#b87564
154,0,#5c3ab2
195,23,#2e1d59
100,22,#970eac
116,21,#cb8756
225,20,#65c3ab
399,18,#b2e1d5
188,17,#5970ea
103,16,#2cb875
197,15,#165c3a
179,14,#0b2e1d
113,13,#85970e
107,12,#42cb87
129,11,#2165c3
153,10,#10b2e1
261,9,#085970
84,8,#842cb8
166,7,#42165c
226,6,#a10b2e
338,5,#508597
106,4,#a842cb
160,3,#d42165
138,2,#6a10b2
165,1,#b50859
158,0,#da842c
66,23,#6d4216
71,22,#36a10b
223,21,#9b5085
84,17,#4da842
61,16,#26d421
102,15,#936a10
142,14,#c9b508
230,13,#e4da84
189,12,#f26d42
148,11,#7936a1
72,10,#bc9b50
133,9,#5e4da8
79,8,#af26d4
188,7,#d7936a
234,6,#6bc9b5
150,5,#35e4da
110,4,#9af26d
109,3,#4d7936
176,2,#26bc9b
130,1,#935e4d
56,0,#49af26
133,23,#24d793
155,22,#126bc9
135,21,#8935e4
185,20,#449af2
249,19,#224d79
116,18,#9126bc
115,17,#48935e
141,16,#2449af
112,15,#1224d7
164,14,#89126b
128,13,#c48935
128,12,#62449a
234,11,#b1224d
248,10,#d89126
129,9,#ec4893
147,8,#762449
162,7,#3b1224
76,6,#1d8912
206,5,#8ec489
275,4,#476244
113,3,#a3b122
198,2,#d1d891
70,1,#68ec48
108,0,#347624
185,23,#9a3b12
157,22,#cd1d89
449,21,#668ec4
241,20,#b34762
731,19,#d9a3b1
200,18,#6cd1d8
131,17,#3668ec
162,16,#1b3476
85,15,#0d9a3b
52,14,#06cd1d
388,13,#83668e
100,12,#c1b347
136,11,#60d9a3
135,10,#b06cd1
115,9,#d83668
141,8,#ec1b34
167,7,#f60d9a
134,6,#7b06cd
229,5,#3d8366
498,4,#9ec1b3
215,3,#4f60d9
115,2,#27b06c
59,1,#13d836
74,0,#09ec1b
111,23,#04f60d
93,22,#027b06
178,21,#013d83
253,20,#009ec1
324,19,#004f60
120,18,#8027b0
103,17,#4013d8
139,16,#2009ec
126,15,#9004f6
210,14,#48027b
222,13,#a4013d
120,12,#d2009e
233,11,#69004f
104,10,#b48027
155,9,#da4013
121,8,#ed2009
101,7,#769004
206,6,#bb4802
324,5,#dda401
65,4,#6ed200
161,3,#b76900
160,2,#dbb480
93,1,#6dda40
51,0,#36ed20
281,23,#1b7690
73,22,#0dbb48
214,21,#86dda4
141,20,#c36ed2
97,19,#61b769
239,18,#b0dbb4
179,17,#586dda
106,16,#2c36ed
115,15,#161b76
124,14,#0b0dbb
282,13,#8586dd
104,12,#c2c36e
156,11,#6161b7
562,10,#b0b0db
225,9,#d8586d
114,8,#6c2c36
88,7,#36161b
181,6,#9b0b0d
302,5,#4d8586
172,4,#26c2c3
193,3,#936161
250,2,#49b0b0
58,1,#24d858
93,0,#926c2c
128,23,#c93616
250,22,#e49b0b
222,21,#724d85
125,20,#3926c2
92,19,#9c9361
103,18,#ce49b0
136,17,#6724d8
72,16,#b3926c
186,15,#d9c936
208,14,#ece49b
87,13,#76724d
71,12,#3b3926
153,11,#1d9c93
46,10,#0ece49
54,9,#876724
120,8,#c3b392
126,7,#61d9c9
313,6,#b0ece4
337,5,#587672
196,4,#2c3b39
161,3,#161d9c
127,2,#0b0ece
226,1,#058767
194,0,#02c3b3
191,23,#8161d9
673,22,#c0b0ec
271,21,#e05876
136,20,#f02c3b
226,19,#78161d
189,18,#bc0b0e
151,17,#5e0587
130,16,#2f02c3
90,15,#978161
233,14,#4bc0b0
120,13,#a5e058
74,12,#52f02c
137,11,#a97816
52,10,#54bc0b
78,9,#aa5e05
57,8,#552f02
167,7,#2a9781
111,6,#954bc0
248,5,#4aa5e0
147,4,#a552f0
189,3,#52a978
131,2,#a954bc
101,1,#54aa5e
168,0,#2a552f
143,23,#952a97
164,22,#ca954b
171,21,#e54aa5
142,20,#72a552
129,19,#b952a9
204,18,#dca954
198,17,#ee54aa
185,16,#772a55
51,15,#3b952a
175,14,#1dca95
71,13,#0ee54a
180,12,#0772a5
116,11,#83b952
230,10,#c1dca9
54,9,#60ee54
68,8,#30772a
105,7,#983b95
85,6,#cc1dca
90,5,#e60ee5
187,4,#f30772
376,3,#7983b9
589,2,#bcc1dc
219,1,#5e60ee
170,0,#af3077
118,23,#57983b
92,22,#2bcc1d
108,21,#95e60e
88,20,#4af307
317,19,#257983
209,18,#12bcc1
215,17,#895e60
79,16,#44af30
213,15,#225798
122,14,#112bcc
342,13,#8895e6
116,12,#444af3
134,11,#a22579
123,10,#5112bc
107,9,#28895e
98,8,#9444af
145,7,#ca2257
205,6,#e5112b
309,5,#728895
209,4,#39444a
114,3,#9ca225
181,2,#ce5112
168,1,#672889
79,0,#339444
66,23,#19ca22
96,22,#8ce511
422,21,#c67288
181,20,#633944
392,19,#b19ca2
70,18,#58ce51
105,17,#ac6728
150,16,#563394
95,15,#ab19ca
233,14,#d58ce5
92,13,#6ac672
107,12,#b56339
236,11,#dab19c
213,10,#6d58ce
85,9,#36ac67
87,8,#9b5633
58,7,#4dab19
242,6,#a6d58c
169,5,#d36ac6
112,4,#69b563
414,3,#b4dab1
267,2,#da6d58
169,1,#6d36ac
124,0,#369b56
189,23,#1b4dab
527,22,#8da6d5
158,21,#c6d36a
292,20,#6369b5
148,19,#31b4da
109,18,#98da6d
156,17,#cc6d36
160,16,#e6369b
193,15,#f31b4d
491,14,#f98da6
733,13,#fcc6d3
197,12,#7e6369
118,11,#3f31b4
179,10,#1f98da
91,9,#0fcc6d
80,8,#87e636
107,7,#c3f31b
211,6,#e1f98d
167,5,#70fcc6
318,4,#387e63
316,3,#1c3f31
141,2,#0e1f98
148,1,#070fcc
150,0,#0387e6
203,23,#01c3f3
183,22,#00e1f9
158,21,#0070fc
215,20,#80387e
228,19,#401c3f
198,18,#a00e1f
169,17,#d0070f
135,16,#680387
87,15,#b401c3
76,14,#da00e1
203,13,#ed0070
264,12,#f68038
58,11,#7b401c
158,10,#bda00e
57,9,#5ed007
77,8,#2f6803
122,7,#97b401
99,6,#4bda00
133,5,#a5ed00
96,4,#52f680
113,3,#a97b40
267,2,#54bda0
150,1,#2a5ed0
212,0,#152f68
480,23,#8a97b4
86,22,#c54bda
316,21,#e2a5ed
126,20,#f152f6
277,19,#f8a97b
171,18,#7c54bd
160,17,#be2a5e
168,16,#df152f
479,15,#ef8a97
387,14,#f7c54b
242,13,#fbe2a5
184,12,#fdf152
258,11,#fef8a9
203,10,#ff7c54
69,9,#7fbe2a
76,8,#bfdf15
81,7,#5fef8a
196,6,#aff7c5
139,5,#57fbe2
222,4,#abfdf1
141,3,#55fef8
99,2,#2aff7c
174,1,#157fbe
421,0,#8abfdf
140,23,#455fef
419,22,#a2aff7
158,21,#5157fb
548,20,#a8abfd
98,19,#d455fe
110,18,#ea2aff
217,17,#f5157f
421,16,#7a8abf
208,15,#3d455f
181,14,#1ea2af
228,13,#8f5157
180,12,#47a8ab
76,11,#23d455
75,10,#91ea2a
55,9,#48f515
370,8,#a47a8a
99,7,#523d45
155,6,#291ea2
98,5,#948f51
136,4,#ca47a8
130,3,#6523d4
226,2,#3291ea
147,1,#1948f5
166,0,#0ca47a
85,23,#86523d
57,22,#43291e
213,21,#a1948f
152,20,#d0ca47
98,19,#686523
108,18,#b43291
145,17,#da1948
117,16,#6d0ca4
118,15,#368652
165,14,#1b4329
332,13,#8da194
168,12,#46d0ca
229,11,#a36865
65,10,#51b432
51,9,#28da19
79,8,#146d0c
106,7,#8a3686
156,6,#c51b43
433,5,#628da1
147,4,#3146d0
208,3,#98a368
182,2,#4c51b4
119,1,#2628da
184,0,#13146d
92,23,#898a36
70,22,#44c51b
296,21,#a2628d
261,20,#513146
209,19,#2898a3
274,18,#144c51
229,17,#0a2628
256,16,#051314
214,15,#82898a
95,14,#c144c5
131,13,#60a262
132,12,#305131
100,11,#182898
136,10,#8c144c
157,9,#460a26
227,8,#a30513
304,7,#518289
115,6,#a8c144
309,5,#5460a2
218,4,#2a3051
255,3,#951828
107,2,#4a8c14
192,1,#a5460a
80,0,#52a305
203,23,#295182
518,22,#94a8c1
319,21,#ca5460
149,20,#652a30
60,19,#329518
168,18,#194a8c
121,17,#8ca546
181,16,#4652a3
206,15,#232951
378,14,#9194a8
76,13,#48ca54
79,12,#24652a
100,11,#923295
166,10,#49194a
175,9,#248ca5
281,8,#124652
528,7,#092329
280,6,#049194
174,5,#8248ca
201,4,#c12465
115,3,#609232
141,2,#304919
143,1,#18248c
210,0,#8c1246
284,23,#460923
121,22,#230491
86,21,#918248
69,20,#48c124
253,19,#246092
262,18,#923049
154,17,#491824
78,16,#248c12
89,15,#924609
52,14,#492304
239,13,#249182
119,12,#9248c1
246,11,#492460
53,10,#249230
90,9,#924918
107,8,#c9248c
198,7,#e49246
179,6,#f24923
232,5,#f92491
169,4,#7c9248
151,3,#3e4924
126,2,#1f2492
106,1,#0f9249
81,0,#87c924
284,23,#c3e492
65,22,#61f249
129,21,#b0f924
364,20,#587c92
215,19,#2c3e49
266,18,#161f24
133,17,#0b0f92
169,16,#0587c9
192,15,#02c3e4
129,14,#0161f2
407,13,#80b0f9
252,12,#c0587c
93,11,#e02c3e
123,10,#f0161f
257,9,#780b0f
105,8,#bc0587
85,7,#de02c3
161,6,#ef0161
461,5,#f780b0
110,4,#7bc058
160,3,#bde02c
69,2,#5ef016
172,1,#af780b
59,0,#57bc05
67,23,#2bde02
87,22,#15ef01
106,21,#0af780
190,20,#057bc0
451,19,#82bde0
101,18,#c15ef0
145,17,#e0af78
107,16,#f057bc
82,15,#f82bde
82,14,#fc15ef
147,13,#7e0af7
158,12,#3f057b
440,11,#9f82bd
84,10,#4fc15e
231,9,#a7e0af
55,8,#53f057
64,7,#29f82b
66,6,#14fc15
91,5,#0a7e0a
176,4,#053f05
170,3,#029f82
129,2,#014fc1
192,1,#00a7e0
174,0,#8053f0
87,23,#4029f8
141,22,#2014fc
118,21,#900a7e
292,20,#48053f
119,19,#a4029f
187,18,#d2014f
107,17,#e900a7
174,16,#748053
166,15,#ba4029
75,14,#5d2014
58,13,#2e900a
93,12,#174805
96,11,#8ba402
104,10,#c5d201
57,9,#62e900
448,8,#b17480
52,7,#58ba40
105,6,#2c5d20
118,5,#962e90
208,4,#cb1748
416,3,#658ba4
239,2,#32c5d2
147,1,#1962e9
121,0,#0cb174
153,23,#8658ba
166,22,#c32c5d
258,21,#e1962e
393,20,#f0cb17
370,19,#78658b
85,18,#bc32c5
186,17,#de1962
141,16,#6f0cb1
138,15,#378658
65,14,#1bc32c
117,13,#0de196
222,12,#86f0cb
192,11,#437865
66,10,#21bc32
94,9,#90de19
144,8,#c86f0c
146,7,#e43786
157,6,#f21bc3
119,5,#f90de1
388,4,#7c86f0
222,3,#3e4378
136,2,#1f21bc
179,1,#0f90de
115,0,#07c86f
72,23,#83e437
88,22,#41f21b
112,21,#a0f90d
450,20,#d07c86
189,19,#e83e43
152,18,#741f21
106,17,#ba0f90
103,16,#dd07c8
138,15,#ee83e4
135,14,#7741f2
453,13,#bba0f9
117,12,#5dd07c
66,11,#2ee83e
76,10,#17741f
68,9,#8bba0f
62,8,#45dd07
106,7,#a2ee83
137,6,#517741
325,5,#a8bba0
197,4,#545dd0
132,3,#2a2ee8
174,2,#151774
481,1,#8a8bba
103,0,#c545dd
325,23,#62a2ee
288,22,#b15177
680,21,#d8a8bb
206,20,#6c545d
154,19,#b62a2e
178,18,#db1517
419,17,#ed8a8b
86,16,#76c545
220,15,#3b62a2
72,14,#1db151
144,13,#0ed8a8
231,12,#076c54
59,11,#03b62a
48,10,#01db15
88,9,#00ed8a
319,8,#8076c5
226,7,#c03b62
161,5,#e01db1
160,4,#700ed8
201,3,#38076c
109,2,#9c03b6
177,1,#4e01db
176,0,#2700ed
167,23,#938076
153,22,#c9c03b
77,21,#64e01d
126,20,#b2700e
165,19,#d93807
93,18,#6c9c03
231,17,#b64e01
67,16,#5b2700
152,15,#ad9380
244,14,#56c9c0
136,13,#ab64e0
99,12,#d5b270
211,11,#ead938
345,10,#756c9c
61,9,#3ab64e
103,8,#1d5b27
160,7,#0ead93
155,6,#8756c9
88,5,#43ab64
385,4,#a1d5b2
234,3,#50ead9
251,2,#a8756c
134,1,#543ab6
172,0,#2a1d5b
111,23,#950ead
182,22,#ca8756
207,21,#6543ab
735,20,#b2a1d5
140,19,#5950ea
150,18,#2ca875
168,17,#16543a
255,16,#0b2a1d
96,15,#85950e
107,14,#42ca87
166,13,#216543
176,12,#10b2a1
289,11,#085950
90,10,#842ca8
178,9,#421654
197,8,#a10b2a
309,7,#508595
92,6,#a842ca
169,5,#542165
117,4,#aa10b2
208,3,#d50859
73,2,#6a842c
139,1,#b54216
72,0,#5aa10b
208,23,#2d5085
76,22,#16a842
109,21,#0b5421
118,20,#85aa10
64,19,#42d508
357,18,#a16a84
62,17,#50b542
171,16,#285aa1
194,15,#142d50
92,14,#8a16a8
191,13,#c50b54
346,12,#e285aa
108,11,#7142d5
68,10,#b8a16a
145,9,#5c50b5
146,8,#ae285a
203,7,#d7142d
289,6,#eb8a16
91,5,#75c50b
208,4,#bae285
171,3,#5d7142
160,2,#2eb8a1
139,1,#975c50
200,0,#cbae28
85,23,#65d714
92,22,#32eb8a
140,21,#1975c5
216,20,#0cbae2
300,19,#865d71
130,18,#432eb8
81,17,#a1975c
216,16,#50cbae
156,15,#2865d7
149,14,#1432eb
167,13,#0a1975
150,12,#850cba
156,11,#42865d
194,10,#21432e
246,9,#90a197
97,8,#c850cb
151,7,#642865
246,6,#b21432
298,5,#d90a19
103,4,#6c850c
187,3,#364286
158,2,#1b2143
347,1,#8d90a1
139,0,#c6c850
86,23,#636428
114,22,#b1b214
82,21,#58d90a
285,20,#2c6c85
201,19,#163642
277,18,#0b1b21
198,17,#858d90
149,16,#42c6c8
305,15,#a16364
222,14,#50b1b2
109,13,#2858d9
178,12,#142c6c
225,11,#8a1636
131,10,#c50b1b
274,9,#62858d
120,8,#3142c6
129,7,#98a163
142,6,#cc50b1
214,5,#662858
310,4,#b3142c
248,3,#d98a16
334,2,#ecc50b
403,1,#766285
194,0,#3b3142
292,23,#1d98a1
97,22,#0ecc50
123,21,#076628
86,20,#03b314
117,19,#01d98a
177,18,#80ecc5
239,17,#c07662
156,16,#e03b31
144,15,#701d98
138,14,#380ecc
201,13,#9c0766
151,12,#4e03b3
106,11,#2701d9
265,10,#9380ec
93,9,#c9c076
190,8,#e4e03b
62,7,#72701d
73,6,#39380e
128,5,#9c9c07
215,4,#ce4e03
138,3,#e72701
482,2,#f39380
302,1,#79c9c0
157,0,#3ce4e0
298,23,#9e7270
184,22,#cf3938
338,21,#679c9c
137,20,#b3ce4e
195,19,#d9e727
101,18,#6cf393
181,17,#b679c9
131,16,#5b3ce4
77,15,#ad9e72
66,14,#56cf39
236,13,#2b679c
233,12,#15b3ce
228,11,#8ad9e7
142,10,#456cf3
169,9,#a2b679
110,8,#515b3c
162,7,#28ad9e
129,6,#9456cf
257,5,#ca2b67
159,4,#e515b3
515,3,#728ad9
283,2,#39456c
360,1,#9ca2b6
242,0,#4e515b
181,23,#2728ad
133,22,#939456
139,21,#c9ca2b
72,20,#64e515
464,19,#b2728a
167,18,#d93945
395,17,#6c9ca2
203,16,#364e51
176,15,#9b2728
486,14,#cd9394
736,13,#e6c9ca
149,12,#7364e5
132,11,#39b272
82,10,#9cd939
197,9,#ce6c9c
185,8,#67364e
124,7,#b39b27
118,6,#59cd93
345,5,#ace6c9
268,4,#d67364
158,3,#6b39b2
535,2,#b59cd9
183,1,#dace6c
83,0,#6d6736
253,23,#36b39b
131,22,#9b59cd
221,21,#4dace6
81,20,#26d673
77,19,#936b39
157,18,#49b59c
180,17,#24dace
189,16,#926d67
144,15,#4936b3
76,14,#a49b59
108,13,#d24dac
126,12,#6926d6
128,11,#34936b
138,10,#1a49b5
107,9,#8d24da
157,8,#46926d
208,7,#234936
231,6,#11a49b
78,5,#08d24d
104,4,#046926
137,3,#823493
310,2,#411a49
109,1,#a08d24
197,0,#504692
183,23,#282349
168,22,#1411a4
151,21,#8a08d2
239,20,#c50469
94,19,#628234
137,18,#b1411a
293,17,#58a08d
171,16,#ac5046
68,15,#562823
88,14,#2b1411
86,13,#958a08
85,12,#4ac504
301,11,#a56282
43,10,#52b141
119,9,#2958a0
109,8,#94ac50
109,7,#4a5628
149,6,#a52b14
279,5,#52958a
113,4,#a94ac5
190,3,#d4a562
154,2,#ea52b1
232,1,#f52958
560,0,#fa94ac
230,23,#7d4a56
90,22,#3ea52b
161,21,#9f5295
69,20,#4fa94a
299,19,#a7d4a5
74,18,#53ea52
123,17,#a9f529
155,16,#d4fa94
184,15,#ea7d4a
126,14,#753ea5
85,13,#ba9f52
129,12,#dd4fa9
320,11,#6ea7d4
92,10,#b753ea
248,9,#dba9f5
463,8,#edd4fa
252,7,#f6ea7d
236,6,#fb753e
238,5,#7dba9f
109,4,#bedd4f
389,3,#5f6ea7
82,2,#2fb753
261,1,#97dba9
159,0,#4bedd4
249,23,#a5f6ea
96,22,#52fb75
170,21,#297dba
460,20,#94bedd
275,19,#ca5f6e
141,18,#652fb7
467,17,#b297db
139,16,#594bed
443,15,#aca5f6
174,14,#5652fb
93,12,#2b297d
469,11,#9594be
53,10,#4aca5f
103,9,#25652f
168,8,#12b297
74,7,#89594b
248,6,#c4aca5
114,5,#625652
204,4,#b12b29
576,3,#d89594
98,2,#ec4aca
227,1,#f62565
190,0,#fb12b2
158,23,#7d8959
264,22,#bec4ac
194,21,#df6256
90,20,#6fb12b
118,19,#37d895
83,18,#9bec4a
128,17,#cdf625
87,16,#66fb12
530,15,#b37d89
214,14,#59bec4
74,13,#2cdf62
213,12,#966fb1
128,11,#4b37d8
445,10,#a59bec
154,9,#52cdf6
118,8,#a966fb
112,7,#d4b37d
215,6,#6a59be
96,5,#b52cdf
185,4,#da966f
239,3,#ed4b37
460,2,#76a59b
154,1,#3b52cd
192,0,#9da966
168,23,#4ed4b3
256,22,#276a59
119,21,#93b52c
212,20,#c9da96
134,19,#e4ed4b
337,18,#7276a5
193,17,#393b52
295,16,#9c9da9
94,15,#ce4ed4
135,14,#67276a
469,13,#b393b5
183,12,#59c9da
118,11,#2ce4ed
227,10,#167276
243,9,#0b393b
325,8,#859c9d
104,7,#c2ce4e
94,6,#616727
187,5,#b0b393
153,4,#d859c9
201,3,#6c2ce4
187,2,#361672
170,1,#1b0b39
613,0,#8d859c
227,23,#46c2ce
389,22,#a36167
309,21,#51b0b3
158,20,#a8d859
177,19,#d46c2c
184,18,#ea3616
112,17,#751b0b
326,16,#ba8d85
161,15,#5d46c2
124,14,#2ea361
129,13,#9751b0
546,12,#cba8d8
89,11,#65d46c
75,10,#32ea36
69,9,#19751b
125,8,#0cba8d
236,7,#065d46
147,6,#032ea3
213,5,#819751
322,4,#c0cba8
158,3,#e065d4
121,2,#f032ea
291,1,#f81975
163,0,#7c0cba
207,23,#3e065d
301,22,#9f032e
575,21,#cf8197
809,20,#e7c0cb
323,19,#f3e065
181,18,#f9f032
233,17,#fcf819
116,16,#7e7c0c
127,15,#bf3e06
280,14,#df9f03
223,13,#efcf81
245,12,#f7e7c0
125,11,#7bf3e0
291,10,#bdf9f0
148,9,#5efcf8
334,8,#af7e7c
214,7,#d7bf3e
136,6,#6bdf9f
144,5,#35efcf
170,4,#1af7e7
306,3,#8d7bf3
829,2,#c6bdf9
126,1,#e35efc
313,0,#71af7e
187,23,#38d7bf
168,22,#1c6bdf
141,21,#0e35ef
150,20,#871af7
240,19,#438d7b
222,18,#21c6bd
53,17,#10e35e
355,16,#8871af
80,15,#c438d7
114,14,#621c6b
222,13,#310e35
70,12,#18871a
106,11,#8c438d
65,10,#c621c6
157,9,#6310e3
214,8,#318871
48,7,#18c438
88,6,#8c621c
52,5,#46310e
126,4,#a31887
82,3,#518c43
121,2,#a8c621
234,1,#d46310
187,0,#ea3188
173,23,#7518c4
207,22,#3a8c62
260,21,#1d4631
69,20,#0ea318
237,19,#07518c
189,18,#03a8c6
75,17,#01d463
61,16,#00ea31
74,15,#007518
119,14,#803a8c
202,13,#401d46
120,12,#200ea3
186,11,#100751
110,10,#0803a8
109,9,#8401d4
124,8,#4200ea
123,7,#a10075
200,6,#d0803a
205,5,#e8401d
112,4,#74200e
91,3,#3a1007
261,2,#9d0803
254,1,#ce8401
190,0,#e74200
101,23,#73a100
234,22,#b9d080
73,21,#5ce840
86,20,#2e7420
140,19,#173a10
74,18,#0b9d08
128,17,#05ce84
56,16,#82e742
332,15,#c173a1
279,14,#60b9d0
128,13,#305ce8
95,12,#982e74
220,11,#4c173a
113,10,#260b9d
111,9,#9305ce
213,8,#c982e7
98,7,#64c173
115,6,#b260b9
195,5,#59305c
89,4,#2c982e
138,3,#964c17
64,2,#4b260b
95,1,#259305
106,0,#12c982
163,23,#0964c1
104,22,#04b260
62,21,#825930
117,20,#c12c98
192,19,#e0964c
239,18,#f04b26
181,17,#f82593
114,16,#7c12c9
152,15,#be0964
106,14,#df04b2
168,13,#6f8259
53,12,#37c12c
124,11,#1be096
56,10,#0df04b
85,9,#06f825
73,8,#837c12
170,5,#c1be09
80,4,#60df04
309,3,#306f82
118,2,#9837c1
108,1,#cc1be0
85,0,#e60df0
225,23,#7306f8
274,22,#b9837c
244,21,#5cc1be
137,20,#2e60df
159,19,#97306f
67,18,#4b9837
84,17,#25cc1b
78,16,#12e60d
98,15,#897306
146,14,#44b983
113,13,#a25cc1
228,12,#512e60
62,11,#289730
143,10,#944b98
154,9,#4a25cc
139,8,#a512e6
262,7,#528973
133,6,#2944b9
121,5,#14a25c
67,4,#8a512e
182,3,#c52897
129,2,#62944b
167,1,#314a25
78,0,#18a512
225,23,#8c5289
225,22,#c62944
211,21,#6314a2
83,20,#b18a51
198,19,#d8c528
347,18,#ec6294
243,17,#f6314a
136,16,#7b18a5
148,15,#3d8c52
125,14,#9ec629
69,13,#4f6314
179,12,#a7b18a
303,11,#d3d8c5
139,10,#e9ec62
164,9,#f4f631
86,8,#7a7b18
138,7,#bd3d8c
319,6,#5e9ec6
353,5,#af4f63
216,4,#57a7b1
185,3,#2bd3d8
159,2,#15e9ec
233,1,#8af4f6
498,0,#c57a7b
86,23,#62bd3d
251,22,#315e9e
135,21,#98af4f
130,20,#cc57a7
155,19,#662bd3
185,18,#3315e9
426,17,#998af4
110,16,#4cc57a
157,15,#2662bd
216,14,#93315e
644,13,#c998af
82,12,#64cc57
110,11,#b2662b
51,10,#593315
183,9,#ac998a
134,8,#564cc5
153,7,#2b2662
100,6,#159331
200,5,#0ac998
172,4,#0564cc
200,3,#82b266
202,2,#c15933
272,1,#60ac99
235,0,#b0564c
76,23,#582b26
106,22,#2c1593
134,21,#160ac9
171,20,#8b0564
333,19,#c582b2
338,18,#e2c159
213,17,#f160ac
275,16,#f8b056
174,15,#fc582b
76,14,#7e2c15
78,13,#3f160a
59,12,#1f8b05
203,11,#8fc582
303,10,#c7e2c1
93,9,#e3f160
115,8,#71f8b0
150,7,#38fc58
81,6,#9c7e2c
79,5,#4e3f16
148,4,#a71f8b
245,3,#538fc5
159,2,#29c7e2
323,1,#94e3f1
149,0,#ca71f8
191,23,#6538fc
203,22,#329c7e
284,21,#194e3f
68,20,#0ca71f
174,19,#06538f
129,18,#8329c7
156,17,#4194e3
188,16,#a0ca71
170,15,#d06538
130,14,#e8329c
160,13,#f4194e
160,12,#fa0ca7
171,11,#fd0653
70,10,#7e8329
125,9,#3f4194
213,8,#1fa0ca
71,7,#0fd065
80,6,#87e832
148,5,#c3f419
163,4,#e1fa0c
184,3,#f0fd06
444,2,#f87e83
158,1,#7c3f41
93,0,#be1fa0
119,23,#df0fd0
297,22,#6f87e8
632,21,#b7c3f4
500,20,#dbe1fa
192,19,#6df0fd
124,18,#b6f87e
169,17,#db7c3f
393,16,#edbe1f
63,15,#76df0f
287,14,#3b6f87
358,13,#9db7c3
297,12,#cedbe1
97,11,#e76df0
285,10,#73b6f8
129,9,#b9db7c
118,8,#5cedbe
141,7,#2e76df
191,6,#973b6f
258,5,#4b9db7
173,4,#25cedb
74,3,#12e76d
426,2,#8973b6
213,1,#44b9db
168,0,#a25ced
156,23,#512e76
76,22,#28973b
169,21,#144b9d
147,20,#0a25ce
137,19,#0512e7
260,18,#028973
121,17,#8144b9
102,16,#c0a25c
152,15,#e0512e
195,14,#f02897
209,13,#78144b
189,12,#bc0a25
192,11,#de0512
142,10,#6f0289
96,9,#378144
156,8,#1bc0a2
66,7,#0de051
76,6,#06f028
104,5,#037814
73,4,#01bc0a
107,3,#80de05
211,2,#c06f02
205,1,#e03781
184,0,#701bc0
146,23,#380de0
108,22,#9c06f0
206,21,#4e0378
89,20,#a701bc
189,19,#d380de
103,18,#69c06f
139,17,#b4e037
190,16,#da701b
143,15,#ed380d
103,14,#769c06
209,13,#bb4e03
68,12,#5da701
188,11,#aed380
135,10,#d769c0
217,9,#6bb4e0
108,8,#b5da70
56,7,#5aed38
422,6,#ad769c
74,5,#56bb4e
141,4,#ab5da7
261,3,#55aed3
175,2,#aad769
318,1,#556bb4
250,0,#2ab5da
149,23,#155aed
127,22,#0aad76
174,21,#0556bb
97,20,#02ab5d
181,19,#8155ae
240,18,#40aad7
335,17,#a0556b
90,16,#d02ab5
215,15,#68155a
134,14,#340aad
167,13,#1a0556
118,12,#0d02ab
139,11,#068155
173,10,#8340aa
114,9,#c1a055
81,8,#60d02a
72,7,#306815
199,6,#18340a
259,5,#8c1a05
214,4,#c60d02
144,3,#630681
113,2,#318340
391,1,#98c1a0
200,0,#4c60d0
196,23,#263068
192,22,#131834
84,21,#098c1a
104,20,#84c60d
153,19,#c26306
185,18,#613183
536,17,#b098c1
247,16,#d84c60
177,15,#ec2630
144,14,#f61318
128,13,#7b098c
255,12,#bd84c6
66,11,#5ec263
108,10,#2f6131
365,9,#97b098
115,8,#cbd84c
68,7,#65ec26
84,6,#32f613
108,5,#997b09
131,4,#ccbd84
182,3,#e65ec2
171,2,#732f61
279,1,#3997b0
495,0,#9ccbd8
178,23,#4e65ec
124,22,#a732f6
180,21,#d3997b
294,20,#e9ccbd
85,19,#74e65e
107,18,#3a732f
108,17,#9d3997
441,16,#ce9ccb
279,15,#e74e65
348,14,#f3a732
144,13,#79d399
351,12,#bce9cc
201,11,#5e74e6
136,10,#af3a73
73,9,#579d39
107,8,#2bce9c
60,7,#15e74e
118,6,#8af3a7
218,5,#4579d3
654,4,#a2bce9
279,3,#515e74
71,2,#28af3a
180,1,#94579d
82,0,#ca2bce
186,23,#6515e7
343,22,#b28af3
209,21,#594579
493,20,#aca2bc
196,19,#56515e
83,18,#ab28af
166,17,#559457
101,16,#aaca2b
95,15,#556515
165,14,#aab28a
187,13,#d55945
240,12,#6aaca2
111,11,#b55651
240,10,#daab28
211,9,#6d5594
168,8,#36aaca
209,7,#1b5565
412,6,#8daab2
92,5,#46d559
202,4,#236aac
113,3,#11b556
206,2,#88daab
266,1,#c46d55
211,0,#6236aa
199,23,#b11b55
564,22,#d88daa
98,21,#ec46d5
144,20,#76236a
117,19,#bb11b5
266,18,#5d88da
108,17,#2ec46d
72,16,#976236
175,15,#cbb11b
267,14,#e5d88d
86,13,#72ec46
107,12,#b97623
278,11,#dcbb11
235,10,#6e5d88
67,9,#b72ec4
157,8,#db9762
170,7,#6dcbb1
412,6,#b6e5d8
125,5,#db72ec
153,4,#6db976
192,3,#36dcbb
147,2,#9b6e5d
68,1,#4db72e
107,0,#26db97
286,23,#936dcb
204,22,#49b6e5
123,21,#a4db72
242,20,#526db9
122,19,#2936dc
154,18,#949b6e
142,17,#4a4db7
120,16,#2526db
161,15,#12936d
118,14,#8949b6
234,13,#44a4db
318,12,#a2526d
144,11,#512936
173,10,#28949b
282,9,#144a4d
192,8,#0a2526
113,7,#051293
77,6,#028949
133,5,#8144a4
97,4,#40a252
174,3,#205129
175,2,#102894
190,1,#88144a
287,0,#440a25
245,23,#a20512
169,22,#d10289
147,21,#688144
152,20,#3440a2
235,19,#9a2051
231,18,#4d1028
65,17,#268814
114,16,#13440a
69,15,#09a205
43,14,#04d102
311,13,#826881
114,12,#413440
80,11,#209a20
62,10,#904d10
124,9,#482688
219,8,#241344
86,7,#9209a2
138,6,#c904d1
397,5,#648268
218,4,#324134
177,3,#19209a
137,2,#8c904d
201,1,#c64826
88,0,#632413
93,23,#319209
69,22,#18c904
473,21,#8c6482
201,20,#463241
161,19,#231920
344,18,#118c90
104,17,#88c648
118,16,#446324
125,15,#223192
127,14,#1118c9
162,13,#088c64
82,12,#844632
66,11,#422319
111,10,#21118c
571,9,#9088c6
213,8,#484463
197,7,#a42231
219,6,#d21118
189,5,#69088c
146,4,#348446
130,3,#9a4223
79,2,#4d2111
230,1,#a69088
172,0,#d34844
114,23,#69a422
88,22,#34d211
86,21,#1a6908
145,20,#0d3484
130,19,#869a42
128,18,#c34d21
375,17,#e1a690
347,16,#f0d348
294,15,#f869a4
122,14,#fc34d2
230,13,#fe1a69
165,12,#ff0d34
255,11,#7f869a
103,10,#bfc34d
89,9,#5fe1a6
255,8,#aff0d3
85,7,#57f869
63,6,#2bfc34
97,5,#15fe1a
121,4,#8aff0d
294,3,#457f86
235,2,#22bfc3
173,1,#915fe1
589,0,#c8aff0
116,23,#e457f8
94,22,#f22bfc
191,21,#7915fe
169,20,#3c8aff
220,19,#1e457f
115,18,#8f22bf
138,17,#47915f
154,16,#23c8af
74,15,#91e457
118,14,#c8f22b
86,13,#647915
153,12,#b23c8a
167,11,#d91e45
106,10,#6c8f22
105,9,#364791
78,8,#9b23c8
239,7,#cd91e4
676,6,#e6c8f2
340,5,#736479
60,4,#39b23c
102,3,#9cd91e
309,2,#4e6c8f
241,1,#273647
103,0,#939b23
116,23,#49cd91
277,22,#a4e6c8
263,21,#527364
96,20,#a939b2
196,19,#549cd9
241,18,#aa4e6c
217,17,#d52736
512,16,#ea939b
102,15,#f549cd
320,14,#7aa4e6
213,13,#bd5273
229,12,#dea939
157,11,#ef549c
88,10,#77aa4e
88,9,#bbd527
110,8,#5dea93
91,7,#aef549
314,6,#577aa4
124,5,#abbd52
178,4,#d5dea9
79,3,#6aef54
393,2,#b577aa
244,1,#5abbd5
173,0,#2d5dea
594,23,#96aef5
314,22,#4b577a
265,21,#a5abbd
281,20,#d2d5de
202,19,#696aef
128,18,#b4b577
119,17,#da5abb
211,16,#ed2d5d
372,15,#7696ae
177,14,#bb4b57
238,13,#5da5ab
455,12,#aed2d5
163,11,#57696a
167,10,#abb4b5
64,9,#55da5a
70,8,#2aed2d
363,7,#957696
76,6,#4abb4b
202,5,#255da5
200,4,#12aed2
335,3,#095769
289,2,#04abb4
218,1,#8255da
112,0,#c12aed
355,23,#609576
159,22,#304abb
223,21,#18255d
191,20,#0c12ae
203,19,#860957
133,18,#4304ab
205,17,#218255
87,16,#10c12a
325,15,#886095
236,14,#c4304a
154,13,#e21825
194,12,#f10c12
300,11,#f88609
54,10,#7c4304
123,9,#3e2182
167,8,#1f10c1
79,7,#8f8860
141,6,#c7c430
77,5,#63e218
196,4,#b1f10c
112,3,#58f886
137,2,#2c7c43
234,1,#163e21
198,0,#8b1f10
484,23,#c58f88
651,22,#e2c7c4
221,21,#7163e2
212,20,#38b1f1
147,19,#1c58f8
121,18,#8e2c7c
289,17,#c7163e
81,16,#638b1f
129,15,#31c58f
150,14,#18e2c7
308,13,#0c7163
123,12,#0638b1
189,11,#831c58
138,10,#c18e2c
192,9,#e0c716
361,8,#f0638b
205,7,#7831c5
94,6,#bc18e2
194,5,#5e0c71
268,4,#2f0638
113,3,#17831c
182,2,#0bc18e
254,1,#05e0c7
89,0,#02f063
83,23,#817831
171,22,#c0bc18
301,21,#e05e0c
258,20,#f02f06
212,19,#f81783
169,18,#7c0bc1
84,17,#be05e0
92,16,#df02f0
319,15,#6f8178
329,14,#b7c0bc
116,13,#dbe05e
73,12,#6df02f
152,11,#b6f817
86,10,#5b7c0b
70,9,#2dbe05
87,8,#16df02
276,7,#0b6f81
545,6,#85b7c0
206,5,#42dbe0
224,4,#a16df0
258,3,#50b6f8
346,2,#285b7c
112,1,#942dbe
154,0,#4a16df
182,23,#250b6f
248,22,#1285b7
136,21,#8942db
105,20,#c4a16d
220,19,#6250b6
221,18,#b1285b
227,17,#d8942d
51,16,#6c4a16
60,15,#36250b
113,14,#9b1285
104,13,#4d8942
214,12,#26c4a1
85,11,#936250
130,10,#c9b128
243,9,#e4d894
219,8,#f26c4a
84,7,#793625
144,6,#bc9b12
299,5,#5e4d89
165,4,#2f26c4
165,3,#179362
230,2,#0bc9b1
281,1,#85e4d8
113,0,#42f26c
70,23,#a17936
187,22,#50bc9b
138,21,#a85e4d
177,20,#d42f26
186,19,#ea1793
115,18,#f50bc9
333,17,#7a85e4
96,16,#bd42f2
220,15,#5ea179
167,14,#2f50bc
109,13,#17a85e
72,12,#0bd42f
79,11,#85ea17
104,10,#c2f50b
418,9,#e17a85
93,8,#70bd42
210,7,#385ea1
225,6,#1c2f50
129,5,#8e17a8
114,4,#c70bd4
273,3,#6385ea
705,2,#b1c2f5
158,1,#d8e17a
294,0,#ec70bd
288,23,#76385e
220,22,#bb1c2f
106,21,#5d8e17
126,20,#aec70b
303,19,#576385
367,18,#2bb1c2
201,17,#15d8e1
102,16,#0aec70
145,15,#057638
102,14,#82bb1c
210,13,#c15d8e
635,12,#e0aec7
249,11,#705763
89,10,#b82bb1
65,9,#dc15d8
124,8,#ee0aec
141,7,#770576
414,6,#bb82bb
94,5,#5dc15d
292,4,#aee0ae
260,3,#d77057
388,2,#ebb82b
292,1,#f5dc15
92,0,#7aee0a
189,23,#bd7705
195,22,#debb82
261,21,#6f5dc1
208,20,#37aee0
106,19,#1bd770
166,18,#0debb8
218,17,#86f5dc
169,16,#c37aee
130,15,#61bd77
298,14,#b0debb
236,13,#d86f5d
102,12,#6c37ae
121,11,#361bd7
121,10,#9b0deb
207,9,#4d86f5
196,8,#a6c37a
137,7,#d361bd
465,6,#e9b0de
432,5,#f4d86f
70,4,#7a6c37
97,3,#3d361b
81,2,#1e9b0d
276,1,#8f4d86
686,0,#c7a6c3
222,23,#e3d361
209,22,#f1e9b0
229,21,#f8f4d8
358,20,#fc7a6c
186,19,#fe3d36
138,18,#7f1e9b
132,17,#3f8f4d
304,16,#9fc7a6
318,15,#cfe3d3
328,14,#e7f1e9
297,13,#f3f8f4
112,12,#79fc7a
71,11,#3cfe3d
67,10,#1e7f1e
131,9,#0f3f8f
549,8,#879fc7
165,7,#43cfe3
175,6,#21e7f1
155,5,#10f3f8
319,4,#8879fc
203,3,#443cfe
176,2,#221e7f
329,1,#910f3f
695,0,#c8879f
163,23,#6443cf
161,22,#b221e7
228,21,#5910f3
154,20,#ac8879
266,19,#d6443c
112,18,#6b221e
200,17,#b5910f
199,16,#dac887
262,15,#ed6443
94,14,#76b221
88,13,#3b5910
207,12,#1dac88
92,11,#8ed644
137,10,#c76b22
151,9,#63b591
206,8,#31dac8
123,7,#98ed64
325,6,#4c76b2
294,5,#263b59
164,4,#931dac
493,3,#c98ed6
376,2,#e4c76b
312,1,#7263b5
159,0,#3931da
524,23,#9c98ed
276,22,#ce4c76
238,21,#67263b
94,20,#33931d
292,19,#99c98e
218,18,#4ce4c7
180,17,#a67263
60,16,#533931
351,15,#299c98
147,14,#94ce4c
134,13,#4a6726
112,12,#a53393
357,11,#d299c9
92,10,#e94ce4
280,9,#f4a672
211,8,#fa5339
175,7,#fd299c
535,6,#fe94ce
368,5,#7f4a67
132,4,#3fa533
332,3,#9fd299
103,2,#4fe94c
204,1,#a7f4a6
145,0,#d3fa53
236,23,#e9fd29
165,22,#74fe94
143,21,#3a7f4a
128,20,#1d3fa5
193,19,#0e9fd2
153,18,#074fe9
477,17,#83a7f4
516,16,#c1d3fa
549,15,#e0e9fd
181,14,#7074fe
139,13,#383a7f
144,12,#1c1d3f
108,11,#0e0e9f
206,10,#87074f
266,9,#4383a7
165,8,#21c1d3
111,7,#10e0e9
351,6,#087074
139,5,#84383a
97,4,#421c1d
128,3,#210e0e
104,2,#908707
203,1,#c84383
192,0,#6421c1
107,23,#b210e0
163,22,#d90870
187,21,#ec8438
182,20,#f6421c
83,19,#7b210e
349,18,#bd9087
233,17,#dec843
203,16,#ef6421
396,15,#f7b210
67,14,#7bd908
122,13,#bdec84
62,12,#5ef642
93,11,#af7b21
93,10,#57bd90
334,9,#abdec8
98,8,#d5ef64
154,7,#eaf7b2
293,6,#757bd9
669,5,#babdec
111,4,#dd5ef6
198,3,#eeaf7b
187,2,#f757bd
528,1,#fbabde
218,0,#7dd5ef
451,23,#beeaf7
305,22,#5f757b
211,21,#2fbabd
113,20,#97dd5e
247,19,#cbeeaf
131,18,#e5f757
123,17,#72fbab
156,16,#397dd5
140,15,#1cbeea
368,14,#8e5f75
126,13,#472fba
525,12,#a397dd
129,11,#51cbee
143,10,#28e5f7
118,9,#1472fb
155,8,#0a397d
130,7,#851cbe
164,6,#428e5f
178,5,#21472f
254,4,#10a397
151,3,#0851cb
165,2,#0428e5
141,1,#021472
177,0,#010a39
116,23,#00851c
124,22,#80428e
244,21,#402147
109,20,#a010a3
267,19,#d00851
252,18,#680428
162,17,#340214
222,16,#9a010a
184,15,#cd0085
115,14,#668042
132,13,#b34021
69,12,#59a010
57,11,#2cd008
75,10,#966804
147,9,#cb3402
69,8,#659a01
107,7,#b2cd00
389,6,#d96680
506,5,#ecb340
256,4,#f659a0
183,3,#7b2cd0
123,2,#bd9668
73,1,#5ecb34
216,0,#af659a
664,23,#d7b2cd
342,22,#ebd966
189,21,#75ecb3
150,20,#baf659
118,19,#5d7b2c
183,18,#2ebd96
138,17,#175ecb
222,16,#8baf65
152,15,#45d7b2
173,14,#22ebd9
267,13,#9175ec
145,12,#48baf6
301,11,#245d7b
131,10,#122ebd
135,9,#89175e
253,8,#448baf
114,7,#a245d7
134,6,#5122eb
156,5,#a89175
103,4,#d448ba
189,3,#ea245d
221,2,#f5122e
312,1,#fa8917
263,0,#fd448b
131,23,#7ea245
115,22,#3f5122
284,21,#1fa891
107,20,#8fd448
114,19,#c7ea24
97,18,#63f512
142,17,#b1fa89
147,16,#d8fd44
382,15,#ec7ea2
193,14,#f63f51
160,13,#fb1fa8
326,12,#7d8fd4
166,11,#3ec7ea
138,10,#1f63f5
323,9,#8fb1fa
536,8,#c7d8fd
130,7,#e3ec7e
79,6,#71f63f
184,5,#b8fb1f
526,4,#dc7d8f
170,3,#6e3ec7
264,2,#371f63
642,1,#9b8fb1
225,0,#4dc7d8
179,23,#26e3ec
146,22,#1371f6
232,21,#09b8fb
114,20,#04dc7d
170,19,#026e3e
203,18,#01371f
325,17,#009b8f
129,16,#004dc7
140,15,#0026e3
108,14,#001371
156,13,#0009b8
129,12,#8004dc
180,11,#40026e
127,10,#200137
149,9,#10009b
124,8,#08004d
236,7,#040026
328,6,#820013
171,5,#410009
108,4,#a08004
49,3,#504002
86,2,#282001
211,1,#141000
229,0,#8a0800
229,23,#c50400
234,22,#e28200
51,21,#714100
204,20,#38a080
127,19,#9c5040
67,18,#4e2820
216,17,#a71410
179,16,#d38a08
78,15,#69c504
111,14,#34e282
59,13,#9a7141
152,12,#4d38a0
88,11,#269c50
138,10,#134e28
68,9,#09a714
113,8,#84d38a
187,7,#4269c5
163,6,#2134e2
296,5,#909a71
196,4,#c84d38
167,3,#e4269c
203,2,#f2134e
127,1,#7909a7
298,0,#bc84d3
258,23,#de4269
212,22,#ef2134
351,21,#77909a
124,20,#bbc84d
85,19,#5de426
62,18,#2ef213
112,17,#977909
184,16,#4bbc84
106,15,#a5de42
62,14,#52ef21
231,13,#297790
567,12,#94bbc8
125,11,#4a5de4
70,10,#a52ef2
169,9,#529779
93,8,#294bbc
572,7,#94a5de
152,6,#4a52ef
158,5,#252977
226,4,#1294bb
397,3,#894a5d
177,2,#c4a52e
250,1,#e25297
221,0,#f1294b
396,23,#7894a5
245,22,#bc4a52
120,21,#5e2529
134,20,#2f1294
98,19,#17894a
210,18,#0bc4a5
67,17,#85e252
73,16,#42f129
249,15,#217894
115,14,#90bc4a
104,13,#485e25
95,12,#a42f12
137,11,#521789
109,10,#290bc4
270,9,#9485e2
106,8,#4a42f1
113,7,#252178
506,6,#9290bc
227,5,#c9485e
322,4,#e4a42f
50,3,#725217
49,2,#39290b
255,1,#1c9485
350,0,#0e4a42
225,23,#072521
247,22,#839290
102,21,#c1c948
204,20,#e0e4a4
259,19,#f07252
115,18,#f83929
131,17,#7c1c94
191,16,#3e0e4a
183,15,#1f0725
308,14,#8f8392
215,13,#c7c1c9
279,12,#e3e0e4
60,11,#71f072
56,10,#38f839
55,9,#1c7c1c
78,8,#8e3e0e
171,7,#c71f07
362,6,#e38f83
700,5,#f1c7c1
232,4,#78e3e0
192,3,#3c71f0
127,2,#9e38f8
162,1,#cf1c7c
125,0,#678e3e
136,23,#b3c71f
95,22,#59e38f
239,21,#acf1c7
123,20,#d678e3
254,19,#eb3c71
208,18,#f59e38
372,17,#facf1c
316,16,#7d678e
229,15,#3eb3c7
135,14,#9f59e3
187,13,#4facf1
81,12,#27d678
58,11,#13eb3c
80,10,#09f59e
134,9,#84facf
148,8,#c27d67
122,7,#e13eb3
171,6,#709f59
109,5,#b84fac
154,4,#5c27d6
229,3,#2e13eb
116,2,#9709f5
190,1,#4b84fa
216,0,#a5c27d
126,23,#d2e13e
355,22,#69709f
86,21,#b4b84f
235,20,#da5c27
190,18,#ed2e13
126,17,#769709
224,16,#3b4b84
205,15,#1da5c2
342,14,#8ed2e1
240,13,#476970
269,12,#a3b4b8
73,11,#d1da5c
112,10,#e8ed2e
392,9,#f47697
197,8,#7a3b4b
128,7,#3d1da5
160,6,#1e8ed2
253,5,#0f4769
496,4,#87a3b4
400,3,#c3d1da
180,2,#61e8ed
156,1,#b0f476
143,0,#587a3b
146,23,#ac3d1d
155,22,#d61e8e
372,21,#6b0f47
286,20,#3587a3
220,19,#1ac3d1
178,18,#8d61e8
188,17,#46b0f4
319,16,#a3587a
240,15,#d1ac3d
69,14,#68d61e
66,13,#346b0f
146,12,#1a3587
126,11,#8d1ac3
74,10,#c68d61
101,9,#e346b0
109,8,#71a358
177,7,#38d1ac
259,6,#9c68d6
278,5,#4e346b
262,4,#271a35
126,3,#938d1a
138,2,#c9c68d
74,1,#64e346
274,0,#3271a3
131,23,#9938d1
108,22,#cc9c68
173,21,#e64e34
90,20,#73271a
418,19,#b9938d
397,18,#dcc9c6
113,17,#ee64e3
227,16,#f73271
246,15,#fb9938
214,14,#7dcc9c
73,13,#3ee64e
98,12,#1f7327
325,11,#8fb993
160,10,#47dcc9
61,9,#23ee64
67,8,#11f732
107,7,#88fb99
227,6,#c47dcc
117,5,#e23ee6
182,4,#711f73
618,3,#b88fb9
121,2,#dc47dc
125,1,#ee23ee
179,0,#7711f7
162,23,#3b88fb
242,22,#9dc47d
136,21,#cee23e
98,20,#67711f
171,19,#33b88f
85,18,#99dc47
144,17,#ccee23
130,16,#667711
127,15,#333b88
156,14,#199dc4
321,13,#8ccee2
207,12,#466771
100,11,#2333b8
143,10,#1199dc
365,9,#88ccee
205,8,#446677
169,7,#a2333b
137,6,#51199d
502,5,#a88cce
283,4,#544667
237,3,#aa2333
130,2,#551199
354,1,#aa88cc
225,0,#d54466
272,23,#eaa233
219,22,#f55119
303,21,#7aa88c
204,20,#bd5446
82,19,#5eaa23
96,18,#2f5511
285,17,#97aa88
126,16,#cbd544
99,15,#65eaa2
71,14,#32f551
360,13,#997aa8
53,12,#4cbd54
146,11,#265eaa
228,10,#132f55
353,9,#8997aa
150,8,#44cbd5
121,7,#a265ea
85,6,#d132f5
285,5,#68997a
175,4,#344cbd
184,3,#1a265e
210,2,#0d132f
300,1,#068997
124,0,#8344cb
122,23,#41a265
98,22,#a0d132
307,21,#506899
269,20,#a8344c
168,19,#541a26
144,18,#2a0d13
120,17,#950689
99,16,#ca8344
140,15,#6541a2
226,14,#32a0d1
324,13,#995068
54,12,#4ca834
72,11,#26541a
138,10,#132a0d
107,9,#899506
83,8,#44ca83
89,7,#a26541
126,6,#5132a0
116,5,#289950
141,4,#944ca8
238,3,#4a2654
375,2,#a5132a
315,1,#528995
111,0,#2944ca
142,23,#94a265
174,22,#ca5132
162,21,#652899
88,20,#b2944c
150,19,#d94a26
378,18,#eca513
177,17,#765289
164,16,#3b2944
277,15,#1d94a2
78,14,#8eca51
82,13,#476528
236,12,#a3b294
83,11,#d1d94a
139,10,#e8eca5
83,9,#747652
54,8,#3a3b29
78,7,#9d1d94
219,6,#4e8eca
321,5,#a74765
276,4,#53a3b2
491,3,#a9d1d9
493,2,#d4e8ec
402,1,#ea7476
143,0,#753a3b
132,23,#ba9d1d
300,22,#5d4e8e
89,21,#2ea747
181,20,#9753a3
271,19,#4ba9d1
165,18,#25d4e8
98,17,#92ea74
123,16,#c9753a
261,15,#e4ba9d
77,14,#725d4e
94,13,#b92ea7
106,12,#dc9753
205,11,#6e4ba9
108,10,#3725d4
144,9,#1b92ea
97,8,#0dc975
136,7,#06e4ba
260,6,#03725d
115,5,#81b92e
150,4,#40dc97
94,3,#a06e4b
140,2,#d03725
181,1,#681b92
142,0,#340dc9
141,23,#1a06e4
185,22,#0d0372
550,21,#8681b9
165,20,#4340dc
110,19,#a1a06e
79,18,#50d037
75,17,#a8681b
172,16,#d4340d
113,15,#6a1a06
202,14,#b50d03
365,13,#da8681
130,12,#ed4340
544,11,#f6a1a0
158,10,#7b50d0
67,9,#bda868
57,8,#5ed434
81,7,#af6a1a
286,6,#d7b50d
299,5,#ebda86
77,4,#75ed43
241,3,#baf6a1
220,2,#5d7b50
227,1,#2ebda8
176,0,#175ed4
118,23,#0baf6a
207,22,#05d7b5
205,21,#02ebda
125,20,#0175ed
185,19,#00baf6
356,18,#805d7b
86,17,#c02ebd
199,16,#60175e
89,15,#300baf
149,14,#1805d7
117,13,#0c02eb
144,12,#060175
117,11,#8300ba
99,10,#c1805d
52,9,#60c02e
76,8,#306017
146,7,#18300b
154,6,#0c1805
331,5,#060c02
408,4,#030601
122,3,#818300
152,2,#40c180
151,1,#2060c0
166,0,#903060
257,23,#481830
206,22,#240c18
302,21,#92060c
203,20,#c90306
465,19,#e48183
140,18,#7240c1
182,17,#392060
78,16,#9c9030
60,15,#4e4818
156,14,#a7240c
223,13,#d39206
67,12,#69c903
141,11,#b4e481
181,10,#da7240
53,9,#6d3920
186,8,#369c90
377,7,#1b4e48
48,6,#0da724
155,5,#86d392
134,4,#c369c9
575,3,#e1b4e4
366,2,#f0da72
242,1,#f86d39
150,0,#7c369c
243,23,#3e1b4e
133,22,#1f0da7
402,21,#8f86d3
125,20,#47c369
165,19,#23e1b4
162,18,#11f0da
93,17,#88f86d
99,16,#c47c36
160,15,#e23e1b
152,14,#f11f0d
344,13,#788f86
103,12,#3c47c3
124,11,#1e23e1
119,10,#8f11f0
174,9,#c788f8
103,8,#63c47c
94,7,#b1e23e
79,6,#58f11f
536,5,#ac788f
180,4,#d63c47
220,3,#eb1e23
238,2,#f58f11
149,1,#7ac788
129,0,#bd63c4
293,23,#5eb1e2
143,22,#af58f1
161,21,#57ac78
109,20,#abd63c
153,19,#d5eb1e
124,18,#eaf58f
246,17,#f57ac7
121,16,#7abd63
136,15,#3d5eb1
100,14,#1eaf58
147,13,#0f57ac
168,12,#07abd6
132,11,#03d5eb
235,10,#81eaf5
128,9,#c0f57a
178,8,#e07abd
250,7,#703d5e
128,6,#381eaf
229,5,#1c0f57
145,4,#0e07ab
148,3,#8703d5
199,2,#4381ea
633,1,#a1c0f5
165,0,#d0e07a
210,23,#e8703d
71,22,#74381e
70,21,#3a1c0f
272,20,#9d0e07
180,19,#ce8703
225,18,#e74381
518,17,#f3a1c0
318,16,#79d0e0
65,15,#3ce870
83,14,#9e7438
194,13,#cf3a1c
84,12,#679d0e
184,11,#b3ce87
60,10,#59e743
162,9,#acf3a1
133,8,#d679d0
150,7,#6b3ce8
101,6,#b59e74
79,5,#5acf3a
300,4,#ad679d
782,3,#d6b3ce
155,2,#6b59e7
206,1,#35acf3
117,0,#1ad679
60,23,#8d6b3c
231,22,#46b59e
150,21,#a35acf
125,20,#51ad67
396,19,#a8d6b3
236,18,#d46b59
175,17,#6a35ac
80,16,#b51ad6
257,15,#5a8d6b
131,14,#2d46b5
136,13,#16a35a
151,12,#0b51ad
495,11,#85a8d6
70,10,#42d46b
99,9,#216a35
56,8,#10b51a
231,7,#885a8d
231,6,#c42d46
107,5,#e216a3
238,4,#f10b51
519,3,#7885a8
174,2,#3c42d4
199,1,#9e216a
124,0,#cf10b5
325,23,#e7885a
87,22,#73c42d
80,21,#39e216
143,20,#9cf10b
572,19,#ce7885
263,18,#e73c42
85,17,#739e21
74,16,#39cf10
164,15,#9ce788
189,14,#4e73c4
93,13,#a739e2
247,12,#d39cf1
225,11,#e9ce78
208,10,#f4e73c
431,9,#fa739e
117,8,#7d39cf
496,7,#be9ce7
282,6,#5f4e73
95,5,#2fa739
292,4,#97d39c
375,3,#cbe9ce
181,2,#65f4e7
136,1,#b2fa73
123,0,#597d39
329,23,#acbe9c
151,22,#565f4e
90,21,#ab2fa7
252,20,#5597d3
638,19,#aacbe9
186,18,#5565f4
207,17,#2ab2fa
253,16,#15597d
214,15,#0aacbe
381,14,#05565f
60,13,#02ab2f
172,12,#815597
595,11,#c0aacb
152,10,#605565
78,9,#b02ab2
158,8,#581559
99,7,#ac0aac
190,6,#560556
95,5,#ab02ab
184,4,#558155
493,3,#aac0aa
277,2,#d56055
62,1,#6ab02a
124,0,#b55815
296,23,#daac0a
51,22,#6d5605
112,21,#b6ab02
268,20,#db5581
627,19,#edaac0
371,18,#f6d560
307,17,#7b6ab0
92,16,#bdb558
158,15,#5edaac
108,14,#af6d56
332,13,#d7b6ab
236,12,#ebdb55
154,11,#f5edaa
185,10,#faf6d5
219,9,#fd7b6a
735,8,#febdb5
117,7,#ff5eda
189,6,#7faf6d
167,5,#3fd7b6
169,4,#1febdb
209,3,#8ff5ed
175,2,#47faf6
95,1,#a3fd7b
126,0,#51febd
126,23,#a8ff5e
341,22,#547faf
117,21,#aa3fd7
120,20,#551feb
310,19,#aa8ff5
114,18,#5547fa
172,17,#2aa3fd
124,16,#9551fe
209,15,#4aa8ff
199,14,#25547f
67,13,#12aa3f
63,12,#89551f
123,11,#c4aa8f
68,10,#625547
107,9,#312aa3
99,8,#189551
199,7,#0c4aa8
263,6,#862554
89,5,#c312aa
164,4,#618955
411,3,#b0c4aa
167,2,#586255
175,1,#ac312a
133,0,#561895
168,23,#2b0c4a
61,22,#158625
41,21,#0ac312
277,20,#056189
208,19,#02b0c4
329,18,#015862
105,17,#80ac31
139,16,#c05618
186,15,#e02b0c
143,14,#f01586
136,13,#f80ac3
179,12,#7c0561
99,11,#be02b0
213,10,#df0158
373,9,#6f80ac
76,8,#b7c056
89,7,#dbe02b
184,6,#edf015
105,5,#76f80a
136,4,#bb7c05
77,3,#5dbe02
76,2,#2edf01
461,1,#976f80
538,0,#cbb7c0
177,23,#65dbe0
145,22,#32edf0
171,21,#1976f8
205,20,#8cbb7c
216,19,#465dbe
87,18,#a32edf
206,17,#51976f
417,16,#a8cbb7
85,15,#d465db
134,14,#6a32ed
162,13,#351976
433,12,#9a8cbb
237,11,#4d465d
83,10,#a6a32e
133,9,#d35197
460,8,#e9a8cb
80,7,#74d465
